materia,nombre,fecha de entrega
Derecho del Medio Ambiente,PEC 1,2026-03-25
Derecho del Medio Ambiente,PEC 2,2026-04-22
Derecho del Medio Ambiente,PEC 3,2026-05-27
Derechos Humanos,PEC 1,2026-03-04
Derechos Humanos,PEC 2,2026-03-24
Derechos Humanos,PEC 3,2026-04-27
Derechos Humanos,PEC 4,2026-05-29
Procesal Civil I,PEC 1,2026-03-15
Procesal Civil I,PEC 2,2026-04-04
Procesal Civil I,PEC 3,2026-04-23
Procesal Civil I,PEC 4,2026-05-10
Procesal Civil I,PEC 5,2026-05-27
Penal III,PEC 1,2026-03-19
Penal III,PEC 2,2026-04-09
Penal III,PEC 3,2026-04-30
Penal III,PEC 4,2026-05-21